system_code,capacity,latitude,longitude,occupancy,vehicle_type,traffic_condition,queue_length,is_special_day,last_updated_date,last_updated_time
PARK01,306,26.149467141530113,91.73481735698829,106,car,low,1,0,01-01-2024,08:00:00
PARK01,306,26.149467141530113,91.73481735698829,133,bike,high,1,0,01-01-2024,08:30:00
PARK01,306,26.149467141530113,91.73481735698829,144,truck,low,1,0,01-01-2024,09:00:00
PARK01,306,26.149467141530113,91.73481735698829,131,truck,low,1,0,01-01-2024,09:30:00
PARK01,306,26.149467141530113,91.73481735698829,174,truck,medium,0,0,01-01-2024,10:00:00
PARK01,306,26.149467141530113,91.73481735698829,248,car,low,0,0,01-01-2024,10:30:00
PARK01,306,26.149467141530113,91.73481735698829,258,car,low,1,0,01-01-2024,11:00:00
PARK01,306,26.149467141530113,91.73481735698829,235,car,low,1,0,01-01-2024,11:30:00
PARK01,306,26.149467141530113,91.73481735698829,175,car,medium,2,1,01-01-2024,12:00:00
PARK01,306,26.149467141530113,91.73481735698829,210,car,high,2,0,01-01-2024,12:30:00
PARK01,306,26.149467141530113,91.73481735698829,213,car,low,0,0,01-01-2024,13:00:00
PARK01,306,26.149467141530113,91.73481735698829,210,car,low,0,0,01-01-2024,13:30:00
PARK01,306,26.149467141530113,91.73481735698829,238,car,low,4,0,01-01-2024,14:00:00
PARK01,306,26.149467141530113,91.73481735698829,264,car,low,3,1,01-01-2024,14:30:00
PARK01,306,26.149467141530113,91.73481735698829,204,car,low,0,0,01-01-2024,15:00:00
PARK01,306,26.149467141530113,91.73481735698829,212,car,low,0,0,01-01-2024,15:30:00
PARK01,306,26.149467141530113,91.73481735698829,224,car,medium,1,0,01-01-2024,16:00:00
PARK01,306,26.149467141530113,91.73481735698829,112,car,low,3,0,01-01-2024,16:30:00
PARK01,306,26.149467141530113,91.73481735698829,46,car,low,2,0,02-01-2024,08:00:00
PARK01,306,26.149467141530113,91.73481735698829,84,car,low,0,0,02-01-2024,08:30:00
PARK01,306,26.149467141530113,91.73481735698829,117,car,low,1,0,02-01-2024,09:00:00
PARK01,306,26.149467141530113,91.73481735698829,128,car,medium,0,0,02-01-2024,09:30:00
PARK01,306,26.149467141530113,91.73481735698829,189,car,medium,0,0,02-01-2024,10:00:00
PARK01,306,26.149467141530113,91.73481735698829,189,truck,low,1,0,02-01-2024,10:30:00
PARK01,306,26.149467141530113,91.73481735698829,262,car,medium,2,0,02-01-2024,11:00:00
PARK01,306,26.149467141530113,91.73481735698829,180,car,low,0,0,02-01-2024,11:30:00
PARK01,306,26.149467141530113,91.73481735698829,253,bike,low,1,0,02-01-2024,12:00:00
PARK01,306,26.149467141530113,91.73481735698829,241,car,medium,2,0,02-01-2024,12:30:00
PARK01,306,26.149467141530113,91.73481735698829,220,bike,medium,2,0,02-01-2024,13:00:00
PARK01,306,26.149467141530113,91.73481735698829,234,car,medium,0,0,02-01-2024,13:30:00
PARK01,306,26.149467141530113,91.73481735698829,171,car,medium,4,0,02-01-2024,14:00:00
PARK01,306,26.149467141530113,91.73481735698829,227,bike,high,1,0,02-01-2024,14:30:00
PARK01,306,26.149467141530113,91.73481735698829,210,truck,high,1,0,02-01-2024,15:00:00
PARK01,306,26.149467141530113,91.73481735698829,223,car,low,0,1,02-01-2024,15:30:00
PARK01,306,26.149467141530113,91.73481735698829,103,bike,medium,0,0,02-01-2024,16:00:00
PARK01,306,26.149467141530113,91.73481735698829,143,car,low,1,0,02-01-2024,16:30:00
PARK01,306,26.149467141530113,91.73481735698829,91,car,medium,2,0,03-01-2024,08:00:00
PARK01,306,26.149467141530113,91.73481735698829,104,car,medium,0,0,03-01-2024,08:30:00
PARK01,306,26.149467141530113,91.73481735698829,89,car,medium,3,1,03-01-2024,09:00:00
PARK01,306,26.149467141530113,91.73481735698829,136,car,low,0,0,03-01-2024,09:30:00
PARK01,306,26.149467141530113,91.73481735698829,119,truck,low,1,0,03-01-2024,10:00:00
PARK01,306,26.149467141530113,91.73481735698829,181,car,low,1,0,03-01-2024,10:30:00
PARK01,306,26.149467141530113,91.73481735698829,238,car,low,0,0,03-01-2024,11:00:00
PARK01,306,26.149467141530113,91.73481735698829,278,car,medium,3,0,03-01-2024,11:30:00
PARK01,306,26.149467141530113,91.73481735698829,237,bike,low,0,0,03-01-2024,12:00:00
PARK01,306,26.149467141530113,91.73481735698829,221,car,low,1,1,03-01-2024,12:30:00
PARK01,306,26.149467141530113,91.73481735698829,247,car,low,0,0,03-01-2024,13:00:00
PARK01,306,26.149467141530113,91.73481735698829,246,bike,low,0,1,03-01-2024,13:30:00
PARK01,306,26.149467141530113,91.73481735698829,261,car,medium,1,0,03-01-2024,14:00:00
PARK01,306,26.149467141530113,91.73481735698829,219,truck,medium,0,0,03-01-2024,14:30:00
PARK01,306,26.149467141530113,91.73481735698829,150,car,low,1,0,03-01-2024,15:00:00
PARK01,306,26.149467141530113,91.73481735698829,129,truck,low,1,0,03-01-2024,15:30:00
PARK01,306,26.149467141530113,91.73481735698829,149,car,medium,1,0,03-01-2024,16:00:00
PARK01,306,26.149467141530113,91.73481735698829,161,car,low,1,0,03-01-2024,16:30:00
PARK02,652,26.141693451246592,91.73016024080502,135,car,low,1,0,01-01-2024,08:00:00
PARK02,652,26.141693451246592,91.73016024080502,191,car,medium,2,0,01-01-2024,08:30:00
PARK02,652,26.141693451246592,91.73016024080502,333,car,medium,0,0,01-01-2024,09:00:00
PARK02,652,26.141693451246592,91.73016024080502,366,car,medium,2,0,01-01-2024,09:30:00
PARK02,652,26.141693451246592,91.73016024080502,449,car,low,2,0,01-01-2024,10:00:00
PARK02,652,26.141693451246592,91.73016024080502,409,car,medium,0,0,01-01-2024,10:30:00
PARK02,652,26.141693451246592,91.73016024080502,535,bike,low,1,0,01-01-2024,11:00:00
PARK02,652,26.141693451246592,91.73016024080502,447,bike,low,3,0,01-01-2024,11:30:00
PARK02,652,26.141693451246592,91.73016024080502,565,bike,low,6,0,01-01-2024,12:00:00
PARK02,652,26.141693451246592,91.73016024080502,556,bike,low,5,0,01-01-2024,12:30:00
PARK02,652,26.141693451246592,91.73016024080502,601,bike,low,7,0,01-01-2024,13:00:00
PARK02,652,26.141693451246592,91.73016024080502,518,car,high,1,1,01-01-2024,13:30:00
PARK02,652,26.141693451246592,91.73016024080502,602,car,medium,9,0,01-01-2024,14:00:00
PARK02,652,26.141693451246592,91.73016024080502,547,car,low,4,0,01-01-2024,14:30:00
PARK02,652,26.141693451246592,91.73016024080502,468,car,low,0,0,01-01-2024,15:00:00
PARK02,652,26.141693451246592,91.73016024080502,395,car,medium,1,0,01-01-2024,15:30:00
PARK02,652,26.141693451246592,91.73016024080502,343,car,high,0,0,01-01-2024,16:00:00
PARK02,652,26.141693451246592,91.73016024080502,363,truck,high,1,0,01-01-2024,16:30:00
PARK02,652,26.141693451246592,91.73016024080502,148,truck,low,2,0,02-01-2024,08:00:00
PARK02,652,26.141693451246592,91.73016024080502,181,car,low,0,0,02-01-2024,08:30:00
PARK02,652,26.141693451246592,91.73016024080502,328,car,high,3,0,02-01-2024,09:00:00
PARK02,652,26.141693451246592,91.73016024080502,253,truck,low,1,0,02-01-2024,09:30:00
PARK02,652,26.141693451246592,91.73016024080502,419,car,high,0,0,02-01-2024,10:00:00
PARK02,652,26.141693451246592,91.73016024080502,405,car,medium,2,0,02-01-2024,10:30:00
PARK02,652,26.141693451246592,91.73016024080502,620,car,low,9,0,02-01-2024,11:00:00
PARK02,652,26.141693451246592,91.73016024080502,425,truck,high,1,0,02-01-2024,11:30:00
PARK02,652,26.141693451246592,91.73016024080502,391,truck,high,2,0,02-01-2024,12:00:00
PARK02,652,26.141693451246592,91.73016024080502,540,truck,high,3,0,02-01-2024,12:30:00
PARK02,652,26.141693451246592,91.73016024080502,511,car,low,2,1,02-01-2024,13:00:00
PARK02,652,26.141693451246592,91.73016024080502,498,car,low,2,0,02-01-2024,13:30:00
PARK02,652,26.141693451246592,91.73016024080502,494,car,low,5,0,02-01-2024,14:00:00
PARK02,652,26.141693451246592,91.73016024080502,497,car,medium,2,0,02-01-2024,14:30:00
PARK02,652,26.141693451246592,91.73016024080502,426,bike,medium,2,0,02-01-2024,15:00:00
PARK02,652,26.141693451246592,91.73016024080502,356,car,low,1,0,02-01-2024,15:30:00
PARK02,652,26.141693451246592,91.73016024080502,404,car,low,0,0,02-01-2024,16:00:00
PARK02,652,26.141693451246592,91.73016024080502,364,car,high,1,0,02-01-2024,16:30:00
PARK02,652,26.141693451246592,91.73016024080502,293,bike,high,1,0,03-01-2024,08:00:00
PARK02,652,26.141693451246592,91.73016024080502,200,car,high,2,0,03-01-2024,08:30:00
PARK02,652,26.141693451246592,91.73016024080502,380,car,low,0,0,03-01-2024,09:00:00
PARK02,652,26.141693451246592,91.73016024080502,213,car,medium,0,0,03-01-2024,09:30:00
PARK02,652,26.141693451246592,91.73016024080502,453,car,low,1,0,03-01-2024,10:00:00
PARK02,652,26.141693451246592,91.73016024080502,386,car,low,0,0,03-01-2024,10:30:00
PARK02,652,26.141693451246592,91.73016024080502,470,car,medium,0,0,03-01-2024,11:00:00
PARK02,652,26.141693451246592,91.73016024080502,410,bike,medium,0,0,03-01-2024,11:30:00
PARK02,652,26.141693451246592,91.73016024080502,509,car,low,2,0,03-01-2024,12:00:00
PARK02,652,26.141693451246592,91.73016024080502,502,car,medium,1,0,03-01-2024,12:30:00
PARK02,652,26.141693451246592,91.73016024080502,572,car,low,7,0,03-01-2024,13:00:00
PARK02,652,26.141693451246592,91.73016024080502,452,car,low,0,0,03-01-2024,13:30:00
PARK02,652,26.141693451246592,91.73016024080502,408,car,high,0,0,03-01-2024,14:00:00
PARK02,652,26.141693451246592,91.73016024080502,435,car,medium,2,0,03-01-2024,14:30:00
PARK02,652,26.141693451246592,91.73016024080502,376,car,low,0,0,03-01-2024,15:00:00
PARK02,652,26.141693451246592,91.73016024080502,508,truck,medium,1,0,03-01-2024,15:30:00
PARK02,652,26.141693451246592,91.73016024080502,264,car,low,0,0,03-01-2024,16:00:00
PARK02,652,26.141693451246592,91.73016024080502,275,car,low,0,1,03-01-2024,16:30:00
PARK03,274,26.142110519531336,91.72712436337959,88,car,medium,0,0,01-01-2024,08:00:00
PARK03,274,26.142110519531336,91.72712436337959,89,car,medium,1,0,01-01-2024,08:30:00
PARK03,274,26.142110519531336,91.72712436337959,108,car,medium,1,0,01-01-2024,09:00:00
PARK03,274,26.142110519531336,91.72712436337959,79,car,medium,1,0,01-01-2024,09:30:00
PARK03,274,26.142110519531336,91.72712436337959,146,truck,low,0,0,01-01-2024,10:00:00
PARK03,274,26.142110519531336,91.72712436337959,159,car,medium,0,0,01-01-2024,10:30:00
PARK03,274,26.142110519531336,91.72712436337959,133,truck,high,0,1,01-01-2024,11:00:00
PARK03,274,26.142110519531336,91.72712436337959,179,bike,high,0,0,01-01-2024,11:30:00
PARK03,274,26.142110519531336,91.72712436337959,219,bike,low,2,0,01-01-2024,12:00:00
PARK03,274,26.142110519531336,91.72712436337959,212,bike,medium,0,0,01-01-2024,12:30:00
PARK03,274,26.142110519531336,91.72712436337959,240,car,low,3,0,01-01-2024,13:00:00
PARK03,274,26.142110519531336,91.72712436337959,208,bike,medium,0,0,01-01-2024,13:30:00
PARK03,274,26.142110519531336,91.72712436337959,194,car,high,2,0,01-01-2024,14:00:00
PARK03,274,26.142110519531336,91.72712436337959,223,car,medium,0,0,01-01-2024,14:30:00
PARK03,274,26.142110519531336,91.72712436337959,196,car,low,1,0,01-01-2024,15:00:00
PARK03,274,26.142110519531336,91.72712436337959,172,car,medium,0,0,01-01-2024,15:30:00
PARK03,274,26.142110519531336,91.72712436337959,157,bike,low,0,0,01-01-2024,16:00:00
PARK03,274,26.142110519531336,91.72712436337959,115,car,medium,1,0,01-01-2024,16:30:00
PARK03,274,26.142110519531336,91.72712436337959,120,car,low,1,0,02-01-2024,08:00:00
PARK03,274,26.142110519531336,91.72712436337959,109,car,high,1,0,02-01-2024,08:30:00
PARK03,274,26.142110519531336,91.72712436337959,134,bike,high,1,0,02-01-2024,09:00:00
PARK03,274,26.142110519531336,91.72712436337959,201,car,medium,3,0,02-01-2024,09:30:00
PARK03,274,26.142110519531336,91.72712436337959,175,truck,high,2,0,02-01-2024,10:00:00
PARK03,274,26.142110519531336,91.72712436337959,173,car,low,3,0,02-01-2024,10:30:00
PARK03,274,26.142110519531336,91.72712436337959,173,car,medium,2,0,02-01-2024,11:00:00
PARK03,274,26.142110519531336,91.72712436337959,155,car,low,0,0,02-01-2024,11:30:00
PARK03,274,26.142110519531336,91.72712436337959,143,car,medium,1,0,02-01-2024,12:00:00
PARK03,274,26.142110519531336,91.72712436337959,215,truck,low,1,0,02-01-2024,12:30:00
PARK03,274,26.142110519531336,91.72712436337959,274,bike,low,5,0,02-01-2024,13:00:00
PARK03,274,26.142110519531336,91.72712436337959,218,car,low,0,0,02-01-2024,13:30:00
PARK03,274,26.142110519531336,91.72712436337959,181,car,low,1,0,02-01-2024,14:00:00
PARK03,274,26.142110519531336,91.72712436337959,203,car,high,1,0,02-01-2024,14:30:00
PARK03,274,26.142110519531336,91.72712436337959,131,car,low,1,0,02-01-2024,15:00:00
PARK03,274,26.142110519531336,91.72712436337959,148,car,low,1,0,02-01-2024,15:30:00
PARK03,274,26.142110519531336,91.72712436337959,114,car,low,1,0,02-01-2024,16:00:00
PARK03,274,26.142110519531336,91.72712436337959,142,car,low,2,0,02-01-2024,16:30:00
PARK03,274,26.142110519531336,91.72712436337959,36,car,low,2,0,03-01-2024,08:00:00
PARK03,274,26.142110519531336,91.72712436337959,130,car,low,0,0,03-01-2024,08:30:00
PARK03,274,26.142110519531336,91.72712436337959,81,bike,low,2,0,03-01-2024,09:00:00
PARK03,274,26.142110519531336,91.72712436337959,114,car,low,1,0,03-01-2024,09:30:00
PARK03,274,26.142110519531336,91.72712436337959,133,bike,high,0,0,03-01-2024,10:00:00
PARK03,274,26.142110519531336,91.72712436337959,190,car,low,0,0,03-01-2024,10:30:00
PARK03,274,26.142110519531336,91.72712436337959,206,car,medium,0,0,03-01-2024,11:00:00
PARK03,274,26.142110519531336,91.72712436337959,174,car,low,0,0,03-01-2024,11:30:00
PARK03,274,26.142110519531336,91.72712436337959,224,truck,low,2,0,03-01-2024,12:00:00
PARK03,274,26.142110519531336,91.72712436337959,244,car,medium,3,0,03-01-2024,12:30:00
PARK03,274,26.142110519531336,91.72712436337959,177,car,medium,1,0,03-01-2024,13:00:00
PARK03,274,26.142110519531336,91.72712436337959,233,car,high,2,0,03-01-2024,13:30:00
PARK03,274,26.142110519531336,91.72712436337959,217,car,medium,0,0,03-01-2024,14:00:00
PARK03,274,26.142110519531336,91.72712436337959,159,car,medium,1,0,03-01-2024,14:30:00
PARK03,274,26.142110519531336,91.72712436337959,153,bike,medium,0,0,03-01-2024,15:00:00
PARK03,274,26.142110519531336,91.72712436337959,219,car,low,0,0,03-01-2024,15:30:00
PARK03,274,26.142110519531336,91.72712436337959,127,car,high,0,0,03-01-2024,16:00:00
PARK03,274,26.142110519531336,91.72712436337959,146,bike,low,2,0,03-01-2024,16:30:00
PARK04,285,26.148796182191326,91.73827687687162,54,bike,low,4,0,01-01-2024,08:00:00
PARK04,285,26.148796182191326,91.73827687687162,115,car,low,0,0,01-01-2024,08:30:00
PARK04,285,26.148796182191326,91.73827687687162,140,bike,low,0,0,01-01-2024,09:00:00
PARK04,285,26.148796182191326,91.73827687687162,120,car,high,2,0,01-01-2024,09:30:00
PARK04,285,26.148796182191326,91.73827687687162,179,bike,low,3,0,01-01-2024,10:00:00
PARK04,285,26.148796182191326,91.73827687687162,207,car,medium,4,0,01-01-2024,10:30:00
PARK04,285,26.148796182191326,91.73827687687162,200,car,low,0,0,01-01-2024,11:00:00
PARK04,285,26.148796182191326,91.73827687687162,185,truck,low,0,0,01-01-2024,11:30:00
PARK04,285,26.148796182191326,91.73827687687162,195,car,high,2,0,01-01-2024,12:00:00
PARK04,285,26.148796182191326,91.73827687687162,245,car,high,2,0,01-01-2024,12:30:00
PARK04,285,26.148796182191326,91.73827687687162,230,car,low,1,0,01-01-2024,13:00:00
PARK04,285,26.148796182191326,91.73827687687162,239,bike,low,1,0,01-01-2024,13:30:00
PARK04,285,26.148796182191326,91.73827687687162,198,bike,low,2,0,01-01-2024,14:00:00
PARK04,285,26.148796182191326,91.73827687687162,175,car,low,1,0,01-01-2024,14:30:00
PARK04,285,26.148796182191326,91.73827687687162,159,car,low,5,0,01-01-2024,15:00:00
PARK04,285,26.148796182191326,91.73827687687162,166,bike,low,0,0,01-01-2024,15:30:00
PARK04,285,26.148796182191326,91.73827687687162,154,bike,low,0,0,01-01-2024,16:00:00
PARK04,285,26.148796182191326,91.73827687687162,104,car,medium,2,0,01-01-2024,16:30:00
PARK04,285,26.148796182191326,91.73827687687162,92,bike,medium,3,0,02-01-2024,08:00:00
PARK04,285,26.148796182191326,91.73827687687162,94,bike,high,2,0,02-01-2024,08:30:00
PARK04,285,26.148796182191326,91.73827687687162,129,bike,low,0,0,02-01-2024,09:00:00
PARK04,285,26.148796182191326,91.73827687687162,138,car,medium,2,1,02-01-2024,09:30:00
PARK04,285,26.148796182191326,91.73827687687162,138,bike,low,1,0,02-01-2024,10:00:00
PARK04,285,26.148796182191326,91.73827687687162,198,car,high,2,0,02-01-2024,10:30:00
PARK04,285,26.148796182191326,91.73827687687162,213,car,medium,0,0,02-01-2024,11:00:00
PARK04,285,26.148796182191326,91.73827687687162,220,car,low,1,0,02-01-2024,11:30:00
PARK04,285,26.148796182191326,91.73827687687162,209,car,low,1,0,02-01-2024,12:00:00
PARK04,285,26.148796182191326,91.73827687687162,236,car,high,2,0,02-01-2024,12:30:00
PARK04,285,26.148796182191326,91.73827687687162,190,car,medium,2,0,02-01-2024,13:00:00
PARK04,285,26.148796182191326,91.73827687687162,220,truck,low,0,0,02-01-2024,13:30:00
PARK04,285,26.148796182191326,91.73827687687162,205,car,high,1,0,02-01-2024,14:00:00
PARK04,285,26.148796182191326,91.73827687687162,226,car,low,1,0,02-01-2024,14:30:00
PARK04,285,26.148796182191326,91.73827687687162,204,bike,medium,2,0,02-01-2024,15:00:00
PARK04,285,26.148796182191326,91.73827687687162,167,car,high,3,0,02-01-2024,15:30:00
PARK04,285,26.148796182191326,91.73827687687162,131,car,medium,0,0,02-01-2024,16:00:00
PARK04,285,26.148796182191326,91.73827687687162,175,car,low,0,0,02-01-2024,16:30:00
PARK04,285,26.148796182191326,91.73827687687162,109,car,low,0,0,03-01-2024,08:00:00
PARK04,285,26.148796182191326,91.73827687687162,66,car,low,1,0,03-01-2024,08:30:00
PARK04,285,26.148796182191326,91.73827687687162,144,car,low,0,0,03-01-2024,09:00:00
PARK04,285,26.148796182191326,91.73827687687162,147,car,medium,1,0,03-01-2024,09:30:00
PARK04,285,26.148796182191326,91.73827687687162,170,car,low,0,0,03-01-2024,10:00:00
PARK04,285,26.148796182191326,91.73827687687162,177,car,low,0,0,03-01-2024,10:30:00
PARK04,285,26.148796182191326,91.73827687687162,260,car,low,4,0,03-01-2024,11:00:00
PARK04,285,26.148796182191326,91.73827687687162,227,truck,low,1,0,03-01-2024,11:30:00
PARK04,285,26.148796182191326,91.73827687687162,245,bike,low,3,0,03-01-2024,12:00:00
PARK04,285,26.148796182191326,91.73827687687162,237,car,medium,2,0,03-01-2024,12:30:00
PARK04,285,26.148796182191326,91.73827687687162,207,truck,low,1,0,03-01-2024,13:00:00
PARK04,285,26.148796182191326,91.73827687687162,212,car,medium,2,0,03-01-2024,13:30:00
PARK04,285,26.148796182191326,91.73827687687162,176,car,low,1,0,03-01-2024,14:00:00
PARK04,285,26.148796182191326,91.73827687687162,224,car,low,3,1,03-01-2024,14:30:00
PARK04,285,26.148796182191326,91.73827687687162,132,bike,high,1,0,03-01-2024,15:00:00
PARK04,285,26.148796182191326,91.73827687687162,234,car,high,0,0,03-01-2024,15:30:00
PARK04,285,26.148796182191326,91.73827687687162,176,bike,high,1,0,03-01-2024,16:00:00
PARK04,285,26.148796182191326,91.73827687687162,173,truck,low,0,0,03-01-2024,16:30:00
PARK05,580,26.127995087899624,91.73569577148278,218,car,low,0,0,01-01-2024,08:00:00
PARK05,580,26.127995087899624,91.73569577148278,8,car,low,1,0,01-01-2024,08:30:00
PARK05,580,26.127995087899624,91.73569577148278,182,car,medium,0,0,01-01-2024,09:00:00
PARK05,580,26.127995087899624,91.73569577148278,257,car,medium,1,0,01-01-2024,09:30:00
PARK05,580,26.127995087899624,91.73569577148278,340,bike,medium,0,0,01-01-2024,10:00:00
PARK05,580,26.127995087899624,91.73569577148278,340,car,low,3,0,01-01-2024,10:30:00
PARK05,580,26.127995087899624,91.73569577148278,427,car,low,1,0,01-01-2024,11:00:00
PARK05,580,26.127995087899624,91.73569577148278,385,car,low,0,0,01-01-2024,11:30:00
PARK05,580,26.127995087899624,91.73569577148278,512,car,medium,5,0,01-01-2024,12:00:00
PARK05,580,26.127995087899624,91.73569577148278,479,car,medium,1,0,01-01-2024,12:30:00
PARK05,580,26.127995087899624,91.73569577148278,475,car,high,3,0,01-01-2024,13:00:00
PARK05,580,26.127995087899624,91.73569577148278,421,car,high,1,0,01-01-2024,13:30:00
PARK05,580,26.127995087899624,91.73569577148278,489,car,low,2,0,01-01-2024,14:00:00
PARK05,580,26.127995087899624,91.73569577148278,493,car,high,2,0,01-01-2024,14:30:00
PARK05,580,26.127995087899624,91.73569577148278,356,bike,low,3,0,01-01-2024,15:00:00
PARK05,580,26.127995087899624,91.73569577148278,379,car,high,3,0,01-01-2024,15:30:00
PARK05,580,26.127995087899624,91.73569577148278,263,car,low,0,0,01-01-2024,16:00:00
PARK05,580,26.127995087899624,91.73569577148278,274,car,low,1,0,01-01-2024,16:30:00
PARK05,580,26.127995087899624,91.73569577148278,183,car,high,2,0,02-01-2024,08:00:00
PARK05,580,26.127995087899624,91.73569577148278,133,car,low,1,0,02-01-2024,08:30:00
PARK05,580,26.127995087899624,91.73569577148278,332,truck,low,3,0,02-01-2024,09:00:00
PARK05,580,26.127995087899624,91.73569577148278,414,car,high,0,0,02-01-2024,09:30:00
PARK05,580,26.127995087899624,91.73569577148278,349,car,low,0,0,02-01-2024,10:00:00
PARK05,580,26.127995087899624,91.73569577148278,392,bike,medium,0,0,02-01-2024,10:30:00
PARK05,580,26.127995087899624,91.73569577148278,512,car,low,4,0,02-01-2024,11:00:00
PARK05,580,26.127995087899624,91.73569577148278,469,car,medium,1,0,02-01-2024,11:30:00
PARK05,580,26.127995087899624,91.73569577148278,367,car,medium,3,1,02-01-2024,12:00:00
PARK05,580,26.127995087899624,91.73569577148278,485,car,medium,5,0,02-01-2024,12:30:00
PARK05,580,26.127995087899624,91.73569577148278,387,bike,low,1,0,02-01-2024,13:00:00
PARK05,580,26.127995087899624,91.73569577148278,419,car,low,0,0,02-01-2024,13:30:00
PARK05,580,26.127995087899624,91.73569577148278,455,car,low,1,0,02-01-2024,14:00:00
PARK05,580,26.127995087899624,91.73569577148278,382,car,low,1,0,02-01-2024,14:30:00
PARK05,580,26.127995087899624,91.73569577148278,378,car,low,0,0,02-01-2024,15:00:00
PARK05,580,26.127995087899624,91.73569577148278,360,car,medium,3,0,02-01-2024,15:30:00
PARK05,580,26.127995087899624,91.73569577148278,251,bike,low,0,0,02-01-2024,16:00:00
PARK05,580,26.127995087899624,91.73569577148278,261,car,low,0,0,02-01-2024,16:30:00
PARK05,580,26.127995087899624,91.73569577148278,187,car,low,2,0,03-01-2024,08:00:00
PARK05,580,26.127995087899624,91.73569577148278,83,bike,low,2,0,03-01-2024,08:30:00
PARK05,580,26.127995087899624,91.73569577148278,305,car,low,0,0,03-01-2024,09:00:00
PARK05,580,26.127995087899624,91.73569577148278,277,car,medium,0,0,03-01-2024,09:30:00
PARK05,580,26.127995087899624,91.73569577148278,423,car,low,1,1,03-01-2024,10:00:00
PARK05,580,26.127995087899624,91.73569577148278,395,car,low,3,0,03-01-2024,10:30:00
PARK05,580,26.127995087899624,91.73569577148278,432,car,low,2,0,03-01-2024,11:00:00
PARK05,580,26.127995087899624,91.73569577148278,416,truck,medium,0,0,03-01-2024,11:30:00
PARK05,580,26.127995087899624,91.73569577148278,395,truck,low,1,1,03-01-2024,12:00:00
PARK05,580,26.127995087899624,91.73569577148278,334,truck,low,1,0,03-01-2024,12:30:00
PARK05,580,26.127995087899624,91.73569577148278,512,car,low,7,0,03-01-2024,13:00:00
PARK05,580,26.127995087899624,91.73569577148278,442,truck,medium,1,0,03-01-2024,13:30:00
PARK05,580,26.127995087899624,91.73569577148278,423,car,low,2,0,03-01-2024,14:00:00
PARK05,580,26.127995087899624,91.73569577148278,472,car,low,0,0,03-01-2024,14:30:00
PARK05,580,26.127995087899624,91.73569577148278,363,car,low,2,0,03-01-2024,15:00:00
PARK05,580,26.127995087899624,91.73569577148278,391,car,medium,1,0,03-01-2024,15:30:00
PARK05,580,26.127995087899624,91.73569577148278,233,car,high,1,0,03-01-2024,16:00:00
PARK05,580,26.127995087899624,91.73569577148278,269,car,low,0,0,03-01-2024,16:30:00
PARK06,459,26.14061823181459,91.73790416222376,79,car,low,0,0,01-01-2024,08:00:00
PARK06,459,26.14061823181459,91.73790416222376,166,car,low,3,0,01-01-2024,08:30:00
PARK06,459,26.14061823181459,91.73790416222376,155,car,low,2,0,01-01-2024,09:00:00
PARK06,459,26.14061823181459,91.73790416222376,212,car,low,2,0,01-01-2024,09:30:00
PARK06,459,26.14061823181459,91.73790416222376,230,car,low,0,0,01-01-2024,10:00:00
PARK06,459,26.14061823181459,91.73790416222376,308,car,low,1,0,01-01-2024,10:30:00
PARK06,459,26.14061823181459,91.73790416222376,318,bike,low,2,1,01-01-2024,11:00:00
PARK06,459,26.14061823181459,91.73790416222376,361,car,medium,0,0,01-01-2024,11:30:00
PARK06,459,26.14061823181459,91.73790416222376,378,bike,high,1,0,01-01-2024,12:00:00
PARK06,459,26.14061823181459,91.73790416222376,356,car,high,1,0,01-01-2024,12:30:00
PARK06,459,26.14061823181459,91.73790416222376,362,car,medium,0,0,01-01-2024,13:00:00
PARK06,459,26.14061823181459,91.73790416222376,375,car,medium,1,0,01-01-2024,13:30:00
PARK06,459,26.14061823181459,91.73790416222376,347,car,medium,3,0,01-01-2024,14:00:00
PARK06,459,26.14061823181459,91.73790416222376,335,car,low,0,0,01-01-2024,14:30:00
PARK06,459,26.14061823181459,91.73790416222376,293,truck,medium,0,0,01-01-2024,15:00:00
PARK06,459,26.14061823181459,91.73790416222376,296,car,low,0,1,01-01-2024,15:30:00
PARK06,459,26.14061823181459,91.73790416222376,260,car,low,0,0,01-01-2024,16:00:00
PARK06,459,26.14061823181459,91.73790416222376,213,car,low,2,0,01-01-2024,16:30:00
PARK06,459,26.14061823181459,91.73790416222376,148,car,medium,0,0,02-01-2024,08:00:00
PARK06,459,26.14061823181459,91.73790416222376,96,car,high,0,0,02-01-2024,08:30:00
PARK06,459,26.14061823181459,91.73790416222376,201,bike,low,2,0,02-01-2024,09:00:00
PARK06,459,26.14061823181459,91.73790416222376,216,truck,medium,1,0,02-01-2024,09:30:00
PARK06,459,26.14061823181459,91.73790416222376,336,car,medium,0,0,02-01-2024,10:00:00
PARK06,459,26.14061823181459,91.73790416222376,248,truck,low,1,0,02-01-2024,10:30:00
PARK06,459,26.14061823181459,91.73790416222376,291,car,low,2,0,02-01-2024,11:00:00
PARK06,459,26.14061823181459,91.73790416222376,255,car,medium,2,0,02-01-2024,11:30:00
PARK06,459,26.14061823181459,91.73790416222376,388,car,high,2,0,02-01-2024,12:00:00
PARK06,459,26.14061823181459,91.73790416222376,379,bike,high,1,0,02-01-2024,12:30:00
PARK06,459,26.14061823181459,91.73790416222376,318,bike,high,1,0,02-01-2024,13:00:00
PARK06,459,26.14061823181459,91.73790416222376,431,bike,medium,6,0,02-01-2024,13:30:00
PARK06,459,26.14061823181459,91.73790416222376,365,car,low,1,0,02-01-2024,14:00:00
PARK06,459,26.14061823181459,91.73790416222376,358,car,medium,1,0,02-01-2024,14:30:00
PARK06,459,26.14061823181459,91.73790416222376,267,bike,medium,1,0,02-01-2024,15:00:00
PARK06,459,26.14061823181459,91.73790416222376,266,car,medium,0,0,02-01-2024,15:30:00
PARK06,459,26.14061823181459,91.73790416222376,331,car,medium,1,0,02-01-2024,16:00:00
PARK06,459,26.14061823181459,91.73790416222376,200,bike,medium,3,0,02-01-2024,16:30:00
PARK06,459,26.14061823181459,91.73790416222376,154,car,low,0,0,03-01-2024,08:00:00
PARK06,459,26.14061823181459,91.73790416222376,111,car,medium,2,0,03-01-2024,08:30:00
PARK06,459,26.14061823181459,91.73790416222376,241,car,high,4,0,03-01-2024,09:00:00
PARK06,459,26.14061823181459,91.73790416222376,172,car,high,2,0,03-01-2024,09:30:00
PARK06,459,26.14061823181459,91.73790416222376,258,car,high,1,0,03-01-2024,10:00:00
PARK06,459,26.14061823181459,91.73790416222376,225,truck,high,1,0,03-01-2024,10:30:00
PARK06,459,26.14061823181459,91.73790416222376,315,car,low,2,0,03-01-2024,11:00:00
PARK06,459,26.14061823181459,91.73790416222376,320,car,low,0,0,03-01-2024,11:30:00
PARK06,459,26.14061823181459,91.73790416222376,360,car,low,1,0,03-01-2024,12:00:00
PARK06,459,26.14061823181459,91.73790416222376,374,car,medium,0,0,03-01-2024,12:30:00
PARK06,459,26.14061823181459,91.73790416222376,412,car,medium,4,0,03-01-2024,13:00:00
PARK06,459,26.14061823181459,91.73790416222376,330,bike,low,0,0,03-01-2024,13:30:00
PARK06,459,26.14061823181459,91.73790416222376,361,bike,low,2,0,03-01-2024,14:00:00
PARK06,459,26.14061823181459,91.73790416222376,394,truck,high,2,0,03-01-2024,14:30:00
PARK06,459,26.14061823181459,91.73790416222376,247,car,low,2,0,03-01-2024,15:00:00
PARK06,459,26.14061823181459,91.73790416222376,277,car,high,2,0,03-01-2024,15:30:00
PARK06,459,26.14061823181459,91.73790416222376,234,car,high,0,0,03-01-2024,16:00:00
PARK06,459,26.14061823181459,91.73790416222376,175,bike,low,1,0,03-01-2024,16:30:00
PARK07,476,26.123168669649296,91.7358346665008,119,bike,high,2,0,01-01-2024,08:00:00
PARK07,476,26.123168669649296,91.7358346665008,97,car,high,0,0,01-01-2024,08:30:00
PARK07,476,26.123168669649296,91.7358346665008,266,car,medium,1,0,01-01-2024,09:00:00
PARK07,476,26.123168669649296,91.7358346665008,220,truck,low,1,0,01-01-2024,09:30:00
PARK07,476,26.123168669649296,91.7358346665008,339,bike,low,1,0,01-01-2024,10:00:00
PARK07,476,26.123168669649296,91.7358346665008,263,car,medium,1,0,01-01-2024,10:30:00
PARK07,476,26.123168669649296,91.7358346665008,332,bike,medium,0,0,01-01-2024,11:00:00
PARK07,476,26.123168669649296,91.7358346665008,329,car,high,1,0,01-01-2024,11:30:00
PARK07,476,26.123168669649296,91.7358346665008,401,car,low,4,0,01-01-2024,12:00:00
PARK07,476,26.123168669649296,91.7358346665008,377,car,medium,1,0,01-01-2024,12:30:00
PARK07,476,26.123168669649296,91.7358346665008,404,bike,low,2,0,01-01-2024,13:00:00
PARK07,476,26.123168669649296,91.7358346665008,392,car,low,3,0,01-01-2024,13:30:00
PARK07,476,26.123168669649296,91.7358346665008,247,car,medium,2,0,01-01-2024,14:00:00
PARK07,476,26.123168669649296,91.7358346665008,319,car,low,0,0,01-01-2024,14:30:00
PARK07,476,26.123168669649296,91.7358346665008,372,bike,low,2,1,01-01-2024,15:00:00
PARK07,476,26.123168669649296,91.7358346665008,280,car,low,1,0,01-01-2024,15:30:00
PARK07,476,26.123168669649296,91.7358346665008,205,car,medium,1,0,01-01-2024,16:00:00
PARK07,476,26.123168669649296,91.7358346665008,249,car,low,0,0,01-01-2024,16:30:00
PARK07,476,26.123168669649296,91.7358346665008,167,car,high,3,0,02-01-2024,08:00:00
PARK07,476,26.123168669649296,91.7358346665008,151,car,low,1,0,02-01-2024,08:30:00
PARK07,476,26.123168669649296,91.7358346665008,120,car,low,1,0,02-01-2024,09:00:00
PARK07,476,26.123168669649296,91.7358346665008,264,bike,low,1,0,02-01-2024,09:30:00
PARK07,476,26.123168669649296,91.7358346665008,330,truck,medium,0,0,02-01-2024,10:00:00
PARK07,476,26.123168669649296,91.7358346665008,325,bike,low,1,0,02-01-2024,10:30:00
PARK07,476,26.123168669649296,91.7358346665008,305,car,low,0,0,02-01-2024,11:00:00
PARK07,476,26.123168669649296,91.7358346665008,353,car,medium,1,0,02-01-2024,11:30:00
PARK07,476,26.123168669649296,91.7358346665008,422,car,low,5,0,02-01-2024,12:00:00
PARK07,476,26.123168669649296,91.7358346665008,458,car,high,7,0,02-01-2024,12:30:00
PARK07,476,26.123168669649296,91.7358346665008,342,car,high,2,0,02-01-2024,13:00:00
PARK07,476,26.123168669649296,91.7358346665008,378,car,low,3,0,02-01-2024,13:30:00
PARK07,476,26.123168669649296,91.7358346665008,373,car,medium,2,0,02-01-2024,14:00:00
PARK07,476,26.123168669649296,91.7358346665008,414,car,low,3,0,02-01-2024,14:30:00
PARK07,476,26.123168669649296,91.7358346665008,399,car,low,4,0,02-01-2024,15:00:00
PARK07,476,26.123168669649296,91.7358346665008,287,car,low,0,0,02-01-2024,15:30:00
PARK07,476,26.123168669649296,91.7358346665008,213,car,low,0,0,02-01-2024,16:00:00
PARK07,476,26.123168669649296,91.7358346665008,125,car,low,1,0,02-01-2024,16:30:00
PARK07,476,26.123168669649296,91.7358346665008,128,car,high,2,0,03-01-2024,08:00:00
PARK07,476,26.123168669649296,91.7358346665008,106,car,low,0,0,03-01-2024,08:30:00
PARK07,476,26.123168669649296,91.7358346665008,275,truck,low,1,0,03-01-2024,09:00:00
PARK07,476,26.123168669649296,91.7358346665008,225,car,high,1,0,03-01-2024,09:30:00
PARK07,476,26.123168669649296,91.7358346665008,220,car,low,3,0,03-01-2024,10:00:00
PARK07,476,26.123168669649296,91.7358346665008,338,car,medium,0,0,03-01-2024,10:30:00
PARK07,476,26.123168669649296,91.7358346665008,309,car,medium,1,0,03-01-2024,11:00:00
PARK07,476,26.123168669649296,91.7358346665008,243,car,high,0,0,03-01-2024,11:30:00
PARK07,476,26.123168669649296,91.7358346665008,325,car,high,1,0,03-01-2024,12:00:00
PARK07,476,26.123168669649296,91.7358346665008,444,truck,low,8,0,03-01-2024,12:30:00
PARK07,476,26.123168669649296,91.7358346665008,296,car,low,1,0,03-01-2024,13:00:00
PARK07,476,26.123168669649296,91.7358346665008,346,bike,medium,0,0,03-01-2024,13:30:00
PARK07,476,26.123168669649296,91.7358346665008,318,car,medium,1,0,03-01-2024,14:00:00
PARK07,476,26.123168669649296,91.7358346665008,433,car,medium,9,0,03-01-2024,14:30:00
PARK07,476,26.123168669649296,91.7358346665008,371,car,low,1,0,03-01-2024,15:00:00
PARK07,476,26.123168669649296,91.7358346665008,332,car,low,1,0,03-01-2024,15:30:00
PARK07,476,26.123168669649296,91.7358346665008,156,car,low,0,0,03-01-2024,16:00:00
PARK07,476,26.123168669649296,91.7358346665008,281,car,high,1,0,03-01-2024,16:30:00
PARK08,575,26.136403964800785,91.74044061044464,174,car,low,0,0,01-01-2024,08:00:00
PARK08,575,26.136403964800785,91.74044061044464,196,car,low,1,0,01-01-2024,08:30:00
PARK08,575,26.136403964800785,91.74044061044464,273,car,low,1,1,01-01-2024,09:00:00
PARK08,575,26.136403964800785,91.74044061044464,267,car,low,1,0,01-01-2024,09:30:00
PARK08,575,26.136403964800785,91.74044061044464,356,car,high,1,0,01-01-2024,10:00:00
PARK08,575,26.136403964800785,91.74044061044464,380,car,medium,2,0,01-01-2024,10:30:00
PARK08,575,26.136403964800785,91.74044061044464,431,car,high,0,0,01-01-2024,11:00:00
PARK08,575,26.136403964800785,91.74044061044464,493,bike,medium,4,0,01-01-2024,11:30:00
PARK08,575,26.136403964800785,91.74044061044464,516,car,high,6,0,01-01-2024,12:00:00
PARK08,575,26.136403964800785,91.74044061044464,419,car,medium,1,0,01-01-2024,12:30:00
PARK08,575,26.136403964800785,91.74044061044464,424,car,low,2,0,01-01-2024,13:00:00
PARK08,575,26.136403964800785,91.74044061044464,452,bike,low,3,0,01-01-2024,13:30:00
PARK08,575,26.136403964800785,91.74044061044464,575,car,high,12,0,01-01-2024,14:00:00
PARK08,575,26.136403964800785,91.74044061044464,349,car,medium,2,0,01-01-2024,14:30:00
PARK08,575,26.136403964800785,91.74044061044464,351,car,medium,1,0,01-01-2024,15:00:00
PARK08,575,26.136403964800785,91.74044061044464,437,car,low,0,0,01-01-2024,15:30:00
PARK08,575,26.136403964800785,91.74044061044464,321,bike,medium,1,0,01-01-2024,16:00:00
PARK08,575,26.136403964800785,91.74044061044464,316,bike,medium,2,0,01-01-2024,16:30:00
PARK08,575,26.136403964800785,91.74044061044464,242,car,high,0,0,02-01-2024,08:00:00
PARK08,575,26.136403964800785,91.74044061044464,89,car,medium,3,0,02-01-2024,08:30:00
PARK08,575,26.136403964800785,91.74044061044464,297,car,low,1,0,02-01-2024,09:00:00
PARK08,575,26.136403964800785,91.74044061044464,164,bike,low,2,0,02-01-2024,09:30:00
PARK08,575,26.136403964800785,91.74044061044464,383,bike,low,1,0,02-01-2024,10:00:00
PARK08,575,26.136403964800785,91.74044061044464,313,car,low,0,0,02-01-2024,10:30:00
PARK08,575,26.136403964800785,91.74044061044464,431,car,low,0,0,02-01-2024,11:00:00
PARK08,575,26.136403964800785,91.74044061044464,490,bike,high,4,0,02-01-2024,11:30:00
PARK08,575,26.136403964800785,91.74044061044464,468,car,low,1,0,02-01-2024,12:00:00
PARK08,575,26.136403964800785,91.74044061044464,529,car,low,6,0,02-01-2024,12:30:00
PARK08,575,26.136403964800785,91.74044061044464,415,bike,high,0,0,02-01-2024,13:00:00
PARK08,575,26.136403964800785,91.74044061044464,545,car,low,8,0,02-01-2024,13:30:00
PARK08,575,26.136403964800785,91.74044061044464,462,car,low,2,0,02-01-2024,14:00:00
PARK08,575,26.136403964800785,91.74044061044464,474,truck,high,1,0,02-01-2024,14:30:00
PARK08,575,26.136403964800785,91.74044061044464,418,car,high,3,0,02-01-2024,15:00:00
PARK08,575,26.136403964800785,91.74044061044464,368,car,medium,0,0,02-01-2024,15:30:00
PARK08,575,26.136403964800785,91.74044061044464,297,car,high,0,0,02-01-2024,16:00:00
PARK08,575,26.136403964800785,91.74044061044464,322,car,medium,0,0,02-01-2024,16:30:00
PARK08,575,26.136403964800785,91.74044061044464,161,car,low,2,0,03-01-2024,08:00:00
PARK08,575,26.136403964800785,91.74044061044464,72,car,medium,1,0,03-01-2024,08:30:00
PARK08,575,26.136403964800785,91.74044061044464,254,bike,low,1,0,03-01-2024,09:00:00
PARK08,575,26.136403964800785,91.74044061044464,289,car,low,3,0,03-01-2024,09:30:00
PARK08,575,26.136403964800785,91.74044061044464,378,car,low,1,0,03-01-2024,10:00:00
PARK08,575,26.136403964800785,91.74044061044464,323,car,medium,0,0,03-01-2024,10:30:00
PARK08,575,26.136403964800785,91.74044061044464,434,car,low,0,0,03-01-2024,11:00:00
PARK08,575,26.136403964800785,91.74044061044464,506,bike,low,7,0,03-01-2024,11:30:00
PARK08,575,26.136403964800785,91.74044061044464,508,car,medium,5,0,03-01-2024,12:00:00
PARK08,575,26.136403964800785,91.74044061044464,401,car,low,0,0,03-01-2024,12:30:00
PARK08,575,26.136403964800785,91.74044061044464,411,car,low,1,0,03-01-2024,13:00:00
PARK08,575,26.136403964800785,91.74044061044464,463,bike,low,0,0,03-01-2024,13:30:00
PARK08,575,26.136403964800785,91.74044061044464,523,bike,medium,7,0,03-01-2024,14:00:00
PARK08,575,26.136403964800785,91.74044061044464,527,car,low,8,0,03-01-2024,14:30:00
PARK08,575,26.136403964800785,91.74044061044464,375,car,medium,1,0,03-01-2024,15:00:00
PARK08,575,26.136403964800785,91.74044061044464,365,car,medium,1,0,03-01-2024,15:30:00
PARK08,575,26.136403964800785,91.74044061044464,355,bike,medium,0,0,03-01-2024,16:00:00
PARK08,575,26.136403964800785,91.74044061044464,289,car,high,1,0,03-01-2024,16:30:00
PARK09,763,26.15572863953734,91.74137543775812,323,car,medium,1,0,01-01-2024,08:00:00
PARK09,763,26.15572863953734,91.74137543775812,160,car,low,1,0,01-01-2024,08:30:00
PARK09,763,26.15572863953734,91.74137543775812,306,car,low,5,0,01-01-2024,09:00:00
PARK09,763,26.15572863953734,91.74137543775812,454,car,high,3,0,01-01-2024,09:30:00
PARK09,763,26.15572863953734,91.74137543775812,597,car,low,0,0,01-01-2024,10:00:00
PARK09,763,26.15572863953734,91.74137543775812,390,car,high,2,0,01-01-2024,10:30:00
PARK09,763,26.15572863953734,91.74137543775812,496,truck,high,1,0,01-01-2024,11:00:00
PARK09,763,26.15572863953734,91.74137543775812,659,car,low,6,0,01-01-2024,11:30:00
PARK09,763,26.15572863953734,91.74137543775812,627,car,high,3,0,01-01-2024,12:00:00
PARK09,763,26.15572863953734,91.74137543775812,685,car,high,8,0,01-01-2024,12:30:00
PARK09,763,26.15572863953734,91.74137543775812,562,truck,low,1,1,01-01-2024,13:00:00
PARK09,763,26.15572863953734,91.74137543775812,493,car,medium,2,0,01-01-2024,13:30:00
PARK09,763,26.15572863953734,91.74137543775812,429,car,low,2,0,01-01-2024,14:00:00
PARK09,763,26.15572863953734,91.74137543775812,527,bike,medium,3,0,01-01-2024,14:30:00
PARK09,763,26.15572863953734,91.74137543775812,391,car,low,1,0,01-01-2024,15:00:00
PARK09,763,26.15572863953734,91.74137543775812,528,car,high,1,0,01-01-2024,15:30:00
PARK09,763,26.15572863953734,91.74137543775812,467,car,low,3,0,01-01-2024,16:00:00
PARK09,763,26.15572863953734,91.74137543775812,318,car,low,0,0,01-01-2024,16:30:00
PARK09,763,26.15572863953734,91.74137543775812,220,bike,low,0,0,02-01-2024,08:00:00
PARK09,763,26.15572863953734,91.74137543775812,307,bike,medium,1,0,02-01-2024,08:30:00
PARK09,763,26.15572863953734,91.74137543775812,346,car,low,1,0,02-01-2024,09:00:00
PARK09,763,26.15572863953734,91.74137543775812,410,car,low,1,0,02-01-2024,09:30:00
PARK09,763,26.15572863953734,91.74137543775812,428,bike,medium,2,0,02-01-2024,10:00:00
PARK09,763,26.15572863953734,91.74137543775812,400,car,low,1,0,02-01-2024,10:30:00
PARK09,763,26.15572863953734,91.74137543775812,613,car,low,1,0,02-01-2024,11:00:00
PARK09,763,26.15572863953734,91.74137543775812,501,car,medium,0,0,02-01-2024,11:30:00
PARK09,763,26.15572863953734,91.74137543775812,579,truck,medium,0,0,02-01-2024,12:00:00
PARK09,763,26.15572863953734,91.74137543775812,763,car,high,17,0,02-01-2024,12:30:00
PARK09,763,26.15572863953734,91.74137543775812,577,bike,low,0,0,02-01-2024,13:00:00
PARK09,763,26.15572863953734,91.74137543775812,575,car,low,1,0,02-01-2024,13:30:00
PARK09,763,26.15572863953734,91.74137543775812,608,car,medium,0,0,02-01-2024,14:00:00
PARK09,763,26.15572863953734,91.74137543775812,474,car,low,1,0,02-01-2024,14:30:00
PARK09,763,26.15572863953734,91.74137543775812,534,bike,low,0,0,02-01-2024,15:00:00
PARK09,763,26.15572863953734,91.74137543775812,457,car,medium,2,0,02-01-2024,15:30:00
PARK09,763,26.15572863953734,91.74137543775812,534,car,low,1,1,02-01-2024,16:00:00
PARK09,763,26.15572863953734,91.74137543775812,506,bike,high,2,0,02-01-2024,16:30:00
PARK09,763,26.15572863953734,91.74137543775812,115,car,high,2,0,03-01-2024,08:00:00
PARK09,763,26.15572863953734,91.74137543775812,306,car,low,2,0,03-01-2024,08:30:00
PARK09,763,26.15572863953734,91.74137543775812,265,bike,medium,2,0,03-01-2024,09:00:00
PARK09,763,26.15572863953734,91.74137543775812,326,car,low,0,0,03-01-2024,09:30:00
PARK09,763,26.15572863953734,91.74137543775812,486,bike,medium,2,0,03-01-2024,10:00:00
PARK09,763,26.15572863953734,91.74137543775812,471,truck,high,1,0,03-01-2024,10:30:00
PARK09,763,26.15572863953734,91.74137543775812,590,car,high,0,0,03-01-2024,11:00:00
PARK09,763,26.15572863953734,91.74137543775812,556,car,low,0,0,03-01-2024,11:30:00
PARK09,763,26.15572863953734,91.74137543775812,617,car,medium,2,0,03-01-2024,12:00:00
PARK09,763,26.15572863953734,91.74137543775812,551,truck,low,1,0,03-01-2024,12:30:00
PARK09,763,26.15572863953734,91.74137543775812,574,car,medium,0,0,03-01-2024,13:00:00
PARK09,763,26.15572863953734,91.74137543775812,747,car,medium,14,0,03-01-2024,13:30:00
PARK09,763,26.15572863953734,91.74137543775812,433,car,low,0,0,03-01-2024,14:00:00
PARK09,763,26.15572863953734,91.74137543775812,572,truck,low,1,0,03-01-2024,14:30:00
PARK09,763,26.15572863953734,91.74137543775812,363,car,low,0,0,03-01-2024,15:00:00
PARK09,763,26.15572863953734,91.74137543775812,583,bike,medium,2,0,03-01-2024,15:30:00
PARK09,763,26.15572863953734,91.74137543775812,408,bike,low,2,0,03-01-2024,16:00:00
PARK09,763,26.15572863953734,91.74137543775812,274,car,high,2,0,03-01-2024,16:30:00
PARK10,411,26.16415341461722,91.74159780258992,147,truck,low,1,0,01-01-2024,08:00:00
PARK10,411,26.16415341461722,91.74159780258992,76,car,high,0,0,01-01-2024,08:30:00
PARK10,411,26.16415341461722,91.74159780258992,135,car,low,1,0,01-01-2024,09:00:00
PARK10,411,26.16415341461722,91.74159780258992,178,car,medium,1,0,01-01-2024,09:30:00
PARK10,411,26.16415341461722,91.74159780258992,186,bike,low,1,0,01-01-2024,10:00:00
PARK10,411,26.16415341461722,91.74159780258992,259,bike,high,1,0,01-01-2024,10:30:00
PARK10,411,26.16415341461722,91.74159780258992,342,car,low,3,0,01-01-2024,11:00:00
PARK10,411,26.16415341461722,91.74159780258992,291,bike,medium,1,0,01-01-2024,11:30:00
PARK10,411,26.16415341461722,91.74159780258992,257,car,low,1,0,01-01-2024,12:00:00
PARK10,411,26.16415341461722,91.74159780258992,392,car,high,6,0,01-01-2024,12:30:00
PARK10,411,26.16415341461722,91.74159780258992,386,bike,low,9,0,01-01-2024,13:00:00
PARK10,411,26.16415341461722,91.74159780258992,329,car,medium,1,0,01-01-2024,13:30:00
PARK10,411,26.16415341461722,91.74159780258992,305,bike,medium,0,0,01-01-2024,14:00:00
PARK10,411,26.16415341461722,91.74159780258992,306,car,low,1,0,01-01-2024,14:30:00
PARK10,411,26.16415341461722,91.74159780258992,268,car,low,2,0,01-01-2024,15:00:00
PARK10,411,26.16415341461722,91.74159780258992,166,car,low,0,0,01-01-2024,15:30:00
PARK10,411,26.16415341461722,91.74159780258992,184,bike,medium,1,0,01-01-2024,16:00:00
PARK10,411,26.16415341461722,91.74159780258992,94,car,low,0,0,01-01-2024,16:30:00
PARK10,411,26.16415341461722,91.74159780258992,146,car,medium,0,0,02-01-2024,08:00:00
PARK10,411,26.16415341461722,91.74159780258992,137,car,low,0,0,02-01-2024,08:30:00
PARK10,411,26.16415341461722,91.74159780258992,157,bike,high,3,0,02-01-2024,09:00:00
PARK10,411,26.16415341461722,91.74159780258992,143,car,low,1,0,02-01-2024,09:30:00
PARK10,411,26.16415341461722,91.74159780258992,240,truck,low,2,1,02-01-2024,10:00:00
PARK10,411,26.16415341461722,91.74159780258992,257,bike,medium,1,0,02-01-2024,10:30:00
PARK10,411,26.16415341461722,91.74159780258992,343,bike,low,2,0,02-01-2024,11:00:00
PARK10,411,26.16415341461722,91.74159780258992,314,car,high,3,0,02-01-2024,11:30:00
PARK10,411,26.16415341461722,91.74159780258992,309,bike,low,1,0,02-01-2024,12:00:00
PARK10,411,26.16415341461722,91.74159780258992,297,car,medium,0,0,02-01-2024,12:30:00
PARK10,411,26.16415341461722,91.74159780258992,288,car,low,0,0,02-01-2024,13:00:00
PARK10,411,26.16415341461722,91.74159780258992,298,car,high,3,0,02-01-2024,13:30:00
PARK10,411,26.16415341461722,91.74159780258992,270,car,low,2,0,02-01-2024,14:00:00
PARK10,411,26.16415341461722,91.74159780258992,297,truck,low,0,0,02-01-2024,14:30:00
PARK10,411,26.16415341461722,91.74159780258992,239,car,low,1,0,02-01-2024,15:00:00
PARK10,411,26.16415341461722,91.74159780258992,298,car,low,1,0,02-01-2024,15:30:00
PARK10,411,26.16415341461722,91.74159780258992,221,car,low,1,0,02-01-2024,16:00:00
PARK10,411,26.16415341461722,91.74159780258992,155,car,low,0,0,02-01-2024,16:30:00
PARK10,411,26.16415341461722,91.74159780258992,128,car,medium,1,0,03-01-2024,08:00:00
PARK10,411,26.16415341461722,91.74159780258992,171,car,high,1,0,03-01-2024,08:30:00
PARK10,411,26.16415341461722,91.74159780258992,232,car,low,1,0,03-01-2024,09:00:00
PARK10,411,26.16415341461722,91.74159780258992,228,car,medium,2,0,03-01-2024,09:30:00
PARK10,411,26.16415341461722,91.74159780258992,261,car,high,2,0,03-01-2024,10:00:00
PARK10,411,26.16415341461722,91.74159780258992,192,truck,medium,2,0,03-01-2024,10:30:00
PARK10,411,26.16415341461722,91.74159780258992,274,car,low,0,0,03-01-2024,11:00:00
PARK10,411,26.16415341461722,91.74159780258992,319,car,low,4,0,03-01-2024,11:30:00
PARK10,411,26.16415341461722,91.74159780258992,307,bike,high,1,0,03-01-2024,12:00:00
PARK10,411,26.16415341461722,91.74159780258992,392,car,low,11,0,03-01-2024,12:30:00
PARK10,411,26.16415341461722,91.74159780258992,281,car,low,3,0,03-01-2024,13:00:00
PARK10,411,26.16415341461722,91.74159780258992,278,car,high,0,0,03-01-2024,13:30:00
PARK10,411,26.16415341461722,91.74159780258992,269,truck,low,1,0,03-01-2024,14:00:00
PARK10,411,26.16415341461722,91.74159780258992,284,car,medium,1,0,03-01-2024,14:30:00
PARK10,411,26.16415341461722,91.74159780258992,264,car,medium,2,0,03-01-2024,15:00:00
PARK10,411,26.16415341461722,91.74159780258992,211,car,high,1,0,03-01-2024,15:30:00
PARK10,411,26.16415341461722,91.74159780258992,193,bike,low,2,0,03-01-2024,16:00:00
PARK10,411,26.16415341461722,91.74159780258992,222,car,high,1,0,03-01-2024,16:30:00
PARK11,459,26.16058389311357,91.73974968254757,76,car,low,0,0,01-01-2024,08:00:00
PARK11,459,26.16058389311357,91.73974968254757,119,car,low,0,0,01-01-2024,08:30:00
PARK11,459,26.16058389311357,91.73974968254757,124,car,high,4,0,01-01-2024,09:00:00
PARK11,459,26.16058389311357,91.73974968254757,122,bike,low,0,0,01-01-2024,09:30:00
PARK11,459,26.16058389311357,91.73974968254757,267,truck,medium,0,0,01-01-2024,10:00:00
PARK11,459,26.16058389311357,91.73974968254757,293,truck,medium,2,0,01-01-2024,10:30:00
PARK11,459,26.16058389311357,91.73974968254757,347,car,low,0,0,01-01-2024,11:00:00
PARK11,459,26.16058389311357,91.73974968254757,345,bike,low,2,0,01-01-2024,11:30:00
PARK11,459,26.16058389311357,91.73974968254757,271,car,medium,2,0,01-01-2024,12:00:00
PARK11,459,26.16058389311357,91.73974968254757,306,car,low,0,0,01-01-2024,12:30:00
PARK11,459,26.16058389311357,91.73974968254757,358,car,low,2,0,01-01-2024,13:00:00
PARK11,459,26.16058389311357,91.73974968254757,328,car,low,0,0,01-01-2024,13:30:00
PARK11,459,26.16058389311357,91.73974968254757,315,car,high,0,0,01-01-2024,14:00:00
PARK11,459,26.16058389311357,91.73974968254757,386,truck,low,3,0,01-01-2024,14:30:00
PARK11,459,26.16058389311357,91.73974968254757,309,car,medium,1,0,01-01-2024,15:00:00
PARK11,459,26.16058389311357,91.73974968254757,324,car,low,0,0,01-01-2024,15:30:00
PARK11,459,26.16058389311357,91.73974968254757,230,car,low,1,0,01-01-2024,16:00:00
PARK11,459,26.16058389311357,91.73974968254757,214,car,high,0,0,01-01-2024,16:30:00
PARK11,459,26.16058389311357,91.73974968254757,145,car,low,2,0,02-01-2024,08:00:00
PARK11,459,26.16058389311357,91.73974968254757,90,car,medium,2,0,02-01-2024,08:30:00
PARK11,459,26.16058389311357,91.73974968254757,183,car,medium,3,0,02-01-2024,09:00:00
PARK11,459,26.16058389311357,91.73974968254757,293,truck,high,1,0,02-01-2024,09:30:00
PARK11,459,26.16058389311357,91.73974968254757,254,bike,low,1,0,02-01-2024,10:00:00
PARK11,459,26.16058389311357,91.73974968254757,266,car,low,2,0,02-01-2024,10:30:00
PARK11,459,26.16058389311357,91.73974968254757,322,truck,low,2,0,02-01-2024,11:00:00
PARK11,459,26.16058389311357,91.73974968254757,370,car,medium,1,0,02-01-2024,11:30:00
PARK11,459,26.16058389311357,91.73974968254757,337,car,medium,1,0,02-01-2024,12:00:00
PARK11,459,26.16058389311357,91.73974968254757,369,car,high,0,0,02-01-2024,12:30:00
PARK11,459,26.16058389311357,91.73974968254757,395,bike,medium,4,0,02-01-2024,13:00:00
PARK11,459,26.16058389311357,91.73974968254757,372,truck,low,2,0,02-01-2024,13:30:00
PARK11,459,26.16058389311357,91.73974968254757,429,car,low,7,0,02-01-2024,14:00:00
PARK11,459,26.16058389311357,91.73974968254757,323,car,medium,1,0,02-01-2024,14:30:00
PARK11,459,26.16058389311357,91.73974968254757,249,car,medium,0,0,02-01-2024,15:00:00
PARK11,459,26.16058389311357,91.73974968254757,317,truck,medium,0,0,02-01-2024,15:30:00
PARK11,459,26.16058389311357,91.73974968254757,303,car,high,0,0,02-01-2024,16:00:00
PARK11,459,26.16058389311357,91.73974968254757,255,car,medium,1,0,02-01-2024,16:30:00
PARK11,459,26.16058389311357,91.73974968254757,126,car,low,1,0,03-01-2024,08:00:00
PARK11,459,26.16058389311357,91.73974968254757,116,car,low,2,0,03-01-2024,08:30:00
PARK11,459,26.16058389311357,91.73974968254757,223,truck,low,0,0,03-01-2024,09:00:00
PARK11,459,26.16058389311357,91.73974968254757,332,car,medium,2,0,03-01-2024,09:30:00
PARK11,459,26.16058389311357,91.73974968254757,265,truck,medium,1,1,03-01-2024,10:00:00
PARK11,459,26.16058389311357,91.73974968254757,247,car,low,2,0,03-01-2024,10:30:00
PARK11,459,26.16058389311357,91.73974968254757,296,car,low,2,0,03-01-2024,11:00:00
PARK11,459,26.16058389311357,91.73974968254757,278,car,low,1,0,03-01-2024,11:30:00
PARK11,459,26.16058389311357,91.73974968254757,414,bike,high,4,0,03-01-2024,12:00:00
PARK11,459,26.16058389311357,91.73974968254757,358,car,low,1,0,03-01-2024,12:30:00
PARK11,459,26.16058389311357,91.73974968254757,370,car,low,3,0,03-01-2024,13:00:00
PARK11,459,26.16058389311357,91.73974968254757,367,bike,medium,1,0,03-01-2024,13:30:00
PARK11,459,26.16058389311357,91.73974968254757,262,car,low,0,0,03-01-2024,14:00:00
PARK11,459,26.16058389311357,91.73974968254757,280,bike,medium,0,0,03-01-2024,14:30:00
PARK11,459,26.16058389311357,91.73974968254757,349,car,medium,1,0,03-01-2024,15:00:00
PARK11,459,26.16058389311357,91.73974968254757,191,car,low,0,0,03-01-2024,15:30:00
PARK11,459,26.16058389311357,91.73974968254757,230,bike,low,2,0,03-01-2024,16:00:00
PARK11,459,26.16058389311357,91.73974968254757,205,car,low,2,0,03-01-2024,16:30:00
PARK12,742,26.13875453023866,91.73200136538914,232,car,low,1,0,01-01-2024,08:00:00
PARK12,742,26.13875453023866,91.73200136538914,200,bike,high,0,0,01-01-2024,08:30:00
PARK12,742,26.13875453023866,91.73200136538914,253,car,low,1,0,01-01-2024,09:00:00
PARK12,742,26.13875453023866,91.73200136538914,245,car,high,2,0,01-01-2024,09:30:00
PARK12,742,26.13875453023866,91.73200136538914,402,truck,low,0,0,01-01-2024,10:00:00
PARK12,742,26.13875453023866,91.73200136538914,295,car,low,1,0,01-01-2024,10:30:00
PARK12,742,26.13875453023866,91.73200136538914,577,car,low,3,0,01-01-2024,11:00:00
PARK12,742,26.13875453023866,91.73200136538914,471,car,medium,2,0,01-01-2024,11:30:00
PARK12,742,26.13875453023866,91.73200136538914,617,car,low,3,0,01-01-2024,12:00:00
PARK12,742,26.13875453023866,91.73200136538914,619,car,low,3,0,01-01-2024,12:30:00
PARK12,742,26.13875453023866,91.73200136538914,559,car,low,1,0,01-01-2024,13:00:00
PARK12,742,26.13875453023866,91.73200136538914,562,car,medium,1,1,01-01-2024,13:30:00
PARK12,742,26.13875453023866,91.73200136538914,570,car,medium,3,0,01-01-2024,14:00:00
PARK12,742,26.13875453023866,91.73200136538914,524,bike,high,1,0,01-01-2024,14:30:00
PARK12,742,26.13875453023866,91.73200136538914,472,car,high,1,0,01-01-2024,15:00:00
PARK12,742,26.13875453023866,91.73200136538914,554,car,medium,2,0,01-01-2024,15:30:00
PARK12,742,26.13875453023866,91.73200136538914,342,car,high,1,0,01-01-2024,16:00:00
PARK12,742,26.13875453023866,91.73200136538914,380,car,high,1,0,01-01-2024,16:30:00
PARK12,742,26.13875453023866,91.73200136538914,344,truck,low,1,0,02-01-2024,08:00:00
PARK12,742,26.13875453023866,91.73200136538914,302,car,medium,0,0,02-01-2024,08:30:00
PARK12,742,26.13875453023866,91.73200136538914,325,bike,low,1,0,02-01-2024,09:00:00
PARK12,742,26.13875453023866,91.73200136538914,324,car,medium,0,0,02-01-2024,09:30:00
PARK12,742,26.13875453023866,91.73200136538914,425,bike,high,0,0,02-01-2024,10:00:00
PARK12,742,26.13875453023866,91.73200136538914,415,bike,high,0,0,02-01-2024,10:30:00
PARK12,742,26.13875453023866,91.73200136538914,402,car,low,0,0,02-01-2024,11:00:00
PARK12,742,26.13875453023866,91.73200136538914,641,car,medium,4,0,02-01-2024,11:30:00
PARK12,742,26.13875453023866,91.73200136538914,591,bike,low,0,0,02-01-2024,12:00:00
PARK12,742,26.13875453023866,91.73200136538914,620,car,low,3,0,02-01-2024,12:30:00
PARK12,742,26.13875453023866,91.73200136538914,544,bike,high,0,0,02-01-2024,13:00:00
PARK12,742,26.13875453023866,91.73200136538914,636,bike,low,5,0,02-01-2024,13:30:00
PARK12,742,26.13875453023866,91.73200136538914,328,car,medium,0,0,02-01-2024,14:00:00
PARK12,742,26.13875453023866,91.73200136538914,516,car,low,2,0,02-01-2024,14:30:00
PARK12,742,26.13875453023866,91.73200136538914,375,car,low,1,0,02-01-2024,15:00:00
PARK12,742,26.13875453023866,91.73200136538914,331,car,low,0,0,02-01-2024,15:30:00
PARK12,742,26.13875453023866,91.73200136538914,326,car,low,0,0,02-01-2024,16:00:00
PARK12,742,26.13875453023866,91.73200136538914,394,car,medium,3,0,02-01-2024,16:30:00
PARK12,742,26.13875453023866,91.73200136538914,133,truck,low,0,1,03-01-2024,08:00:00
PARK12,742,26.13875453023866,91.73200136538914,288,bike,low,3,0,03-01-2024,08:30:00
PARK12,742,26.13875453023866,91.73200136538914,251,car,high,1,0,03-01-2024,09:00:00
PARK12,742,26.13875453023866,91.73200136538914,480,bike,low,3,0,03-01-2024,09:30:00
PARK12,742,26.13875453023866,91.73200136538914,510,bike,low,0,0,03-01-2024,10:00:00
PARK12,742,26.13875453023866,91.73200136538914,407,car,medium,3,0,03-01-2024,10:30:00
PARK12,742,26.13875453023866,91.73200136538914,598,bike,low,1,0,03-01-2024,11:00:00
PARK12,742,26.13875453023866,91.73200136538914,676,car,medium,8,0,03-01-2024,11:30:00
PARK12,742,26.13875453023866,91.73200136538914,667,bike,low,7,0,03-01-2024,12:00:00
PARK12,742,26.13875453023866,91.73200136538914,612,car,low,2,0,03-01-2024,12:30:00
PARK12,742,26.13875453023866,91.73200136538914,508,car,medium,1,1,03-01-2024,13:00:00
PARK12,742,26.13875453023866,91.73200136538914,729,bike,medium,13,0,03-01-2024,13:30:00
PARK12,742,26.13875453023866,91.73200136538914,486,car,low,0,0,03-01-2024,14:00:00
PARK12,742,26.13875453023866,91.73200136538914,543,bike,low,1,0,03-01-2024,14:30:00
PARK12,742,26.13875453023866,91.73200136538914,505,truck,low,2,0,03-01-2024,15:00:00
PARK12,742,26.13875453023866,91.73200136538914,483,car,medium,0,0,03-01-2024,15:30:00
PARK12,742,26.13875453023866,91.73200136538914,331,car,medium,1,0,03-01-2024,16:00:00
PARK12,742,26.13875453023866,91.73200136538914,352,car,high,0,0,03-01-2024,16:30:00
PARK13,571,26.13689810551038,91.73907133354123,94,bike,low,0,0,01-01-2024,08:00:00
PARK13,571,26.13689810551038,91.73907133354123,223,car,high,1,0,01-01-2024,08:30:00
PARK13,571,26.13689810551038,91.73907133354123,345,truck,low,1,0,01-01-2024,09:00:00
PARK13,571,26.13689810551038,91.73907133354123,281,car,high,1,1,01-01-2024,09:30:00
PARK13,571,26.13689810551038,91.73907133354123,309,bike,low,0,0,01-01-2024,10:00:00
PARK13,571,26.13689810551038,91.73907133354123,344,car,high,1,0,01-01-2024,10:30:00
PARK13,571,26.13689810551038,91.73907133354123,362,car,low,2,0,01-01-2024,11:00:00
PARK13,571,26.13689810551038,91.73907133354123,499,bike,medium,6,0,01-01-2024,11:30:00
PARK13,571,26.13689810551038,91.73907133354123,447,car,medium,1,0,01-01-2024,12:00:00
PARK13,571,26.13689810551038,91.73907133354123,341,car,low,0,0,01-01-2024,12:30:00
PARK13,571,26.13689810551038,91.73907133354123,510,car,low,7,0,01-01-2024,13:00:00
PARK13,571,26.13689810551038,91.73907133354123,479,car,medium,3,0,01-01-2024,13:30:00
PARK13,571,26.13689810551038,91.73907133354123,355,truck,high,1,0,01-01-2024,14:00:00
PARK13,571,26.13689810551038,91.73907133354123,426,truck,medium,1,0,01-01-2024,14:30:00
PARK13,571,26.13689810551038,91.73907133354123,325,car,medium,4,0,01-01-2024,15:00:00
PARK13,571,26.13689810551038,91.73907133354123,404,car,low,0,0,01-01-2024,15:30:00
PARK13,571,26.13689810551038,91.73907133354123,222,car,low,0,0,01-01-2024,16:00:00
PARK13,571,26.13689810551038,91.73907133354123,265,truck,high,0,0,01-01-2024,16:30:00
PARK13,571,26.13689810551038,91.73907133354123,257,car,low,1,0,02-01-2024,08:00:00
PARK13,571,26.13689810551038,91.73907133354123,255,car,low,0,0,02-01-2024,08:30:00
PARK13,571,26.13689810551038,91.73907133354123,212,car,medium,1,0,02-01-2024,09:00:00
PARK13,571,26.13689810551038,91.73907133354123,272,car,low,2,0,02-01-2024,09:30:00
PARK13,571,26.13689810551038,91.73907133354123,336,car,medium,0,0,02-01-2024,10:00:00
PARK13,571,26.13689810551038,91.73907133354123,325,car,high,0,0,02-01-2024,10:30:00
PARK13,571,26.13689810551038,91.73907133354123,400,car,low,1,0,02-01-2024,11:00:00
PARK13,571,26.13689810551038,91.73907133354123,471,car,medium,1,0,02-01-2024,11:30:00
PARK13,571,26.13689810551038,91.73907133354123,372,car,low,0,1,02-01-2024,12:00:00
PARK13,571,26.13689810551038,91.73907133354123,394,car,medium,0,0,02-01-2024,12:30:00
PARK13,571,26.13689810551038,91.73907133354123,310,bike,low,1,0,02-01-2024,13:00:00
PARK13,571,26.13689810551038,91.73907133354123,396,bike,low,1,0,02-01-2024,13:30:00
PARK13,571,26.13689810551038,91.73907133354123,308,car,low,1,0,02-01-2024,14:00:00
PARK13,571,26.13689810551038,91.73907133354123,468,truck,high,2,0,02-01-2024,14:30:00
PARK13,571,26.13689810551038,91.73907133354123,276,car,low,0,0,02-01-2024,15:00:00
PARK13,571,26.13689810551038,91.73907133354123,339,car,low,2,0,02-01-2024,15:30:00
PARK13,571,26.13689810551038,91.73907133354123,251,car,low,0,0,02-01-2024,16:00:00
PARK13,571,26.13689810551038,91.73907133354123,201,bike,medium,2,0,02-01-2024,16:30:00
PARK13,571,26.13689810551038,91.73907133354123,195,car,low,0,0,03-01-2024,08:00:00
PARK13,571,26.13689810551038,91.73907133354123,135,car,low,2,0,03-01-2024,08:30:00
PARK13,571,26.13689810551038,91.73907133354123,271,car,low,2,0,03-01-2024,09:00:00
PARK13,571,26.13689810551038,91.73907133354123,244,car,low,3,0,03-01-2024,09:30:00
PARK13,571,26.13689810551038,91.73907133354123,236,car,medium,5,0,03-01-2024,10:00:00
PARK13,571,26.13689810551038,91.73907133354123,243,truck,low,0,0,03-01-2024,10:30:00
PARK13,571,26.13689810551038,91.73907133354123,363,car,medium,0,0,03-01-2024,11:00:00
PARK13,571,26.13689810551038,91.73907133354123,447,truck,low,2,1,03-01-2024,11:30:00
PARK13,571,26.13689810551038,91.73907133354123,482,car,low,2,0,03-01-2024,12:00:00
PARK13,571,26.13689810551038,91.73907133354123,455,car,low,1,0,03-01-2024,12:30:00
PARK13,571,26.13689810551038,91.73907133354123,433,car,medium,2,1,03-01-2024,13:00:00
PARK13,571,26.13689810551038,91.73907133354123,535,car,medium,8,0,03-01-2024,13:30:00
PARK13,571,26.13689810551038,91.73907133354123,384,car,low,1,0,03-01-2024,14:00:00
PARK13,571,26.13689810551038,91.73907133354123,465,car,medium,3,0,03-01-2024,14:30:00
PARK13,571,26.13689810551038,91.73907133354123,364,bike,medium,2,0,03-01-2024,15:00:00
PARK13,571,26.13689810551038,91.73907133354123,323,car,low,0,0,03-01-2024,15:30:00
PARK13,571,26.13689810551038,91.73907133354123,321,car,medium,2,0,03-01-2024,16:00:00
PARK13,571,26.13689810551038,91.73907133354123,329,car,low,0,0,03-01-2024,16:30:00
PARK14,631,26.142665127570016,91.71950199846903,86,bike,medium,2,0,01-01-2024,08:00:00
PARK14,631,26.142665127570016,91.71950199846903,216,car,low,0,0,01-01-2024,08:30:00
PARK14,631,26.142665127570016,91.71950199846903,180,car,low,0,0,01-01-2024,09:00:00
PARK14,631,26.142665127570016,91.71950199846903,304,car,high,0,0,01-01-2024,09:30:00
PARK14,631,26.142665127570016,91.71950199846903,335,car,medium,1,0,01-01-2024,10:00:00
PARK14,631,26.142665127570016,91.71950199846903,388,car,high,0,0,01-01-2024,10:30:00
PARK14,631,26.142665127570016,91.71950199846903,476,bike,high,1,0,01-01-2024,11:00:00
PARK14,631,26.142665127570016,91.71950199846903,519,car,low,1,0,01-01-2024,11:30:00
PARK14,631,26.142665127570016,91.71950199846903,532,car,low,3,0,01-01-2024,12:00:00
PARK14,631,26.142665127570016,91.71950199846903,384,car,low,0,0,01-01-2024,12:30:00
PARK14,631,26.142665127570016,91.71950199846903,578,car,medium,7,0,01-01-2024,13:00:00
PARK14,631,26.142665127570016,91.71950199846903,475,car,high,1,0,01-01-2024,13:30:00
PARK14,631,26.142665127570016,91.71950199846903,582,bike,low,11,0,01-01-2024,14:00:00
PARK14,631,26.142665127570016,91.71950199846903,510,car,low,1,0,01-01-2024,14:30:00
PARK14,631,26.142665127570016,91.71950199846903,521,bike,medium,1,0,01-01-2024,15:00:00
PARK14,631,26.142665127570016,91.71950199846903,392,truck,medium,1,0,01-01-2024,15:30:00
PARK14,631,26.142665127570016,91.71950199846903,360,car,medium,3,0,01-01-2024,16:00:00
PARK14,631,26.142665127570016,91.71950199846903,253,car,low,1,0,01-01-2024,16:30:00
PARK14,631,26.142665127570016,91.71950199846903,270,car,low,0,0,02-01-2024,08:00:00
PARK14,631,26.142665127570016,91.71950199846903,237,bike,high,2,0,02-01-2024,08:30:00
PARK14,631,26.142665127570016,91.71950199846903,202,car,low,0,0,02-01-2024,09:00:00
PARK14,631,26.142665127570016,91.71950199846903,224,bike,high,0,0,02-01-2024,09:30:00
PARK14,631,26.142665127570016,91.71950199846903,356,car,medium,3,0,02-01-2024,10:00:00
PARK14,631,26.142665127570016,91.71950199846903,418,car,high,0,0,02-01-2024,10:30:00
PARK14,631,26.142665127570016,91.71950199846903,537,bike,low,6,0,02-01-2024,11:00:00
PARK14,631,26.142665127570016,91.71950199846903,383,bike,low,2,0,02-01-2024,11:30:00
PARK14,631,26.142665127570016,91.71950199846903,487,car,high,1,0,02-01-2024,12:00:00
PARK14,631,26.142665127570016,91.71950199846903,613,bike,medium,10,0,02-01-2024,12:30:00
PARK14,631,26.142665127570016,91.71950199846903,580,bike,medium,9,0,02-01-2024,13:00:00
PARK14,631,26.142665127570016,91.71950199846903,490,bike,medium,0,0,02-01-2024,13:30:00
PARK14,631,26.142665127570016,91.71950199846903,521,truck,medium,1,0,02-01-2024,14:00:00
PARK14,631,26.142665127570016,91.71950199846903,448,car,high,0,0,02-01-2024,14:30:00
PARK14,631,26.142665127570016,91.71950199846903,358,car,medium,0,1,02-01-2024,15:00:00
PARK14,631,26.142665127570016,91.71950199846903,477,car,medium,1,0,02-01-2024,15:30:00
PARK14,631,26.142665127570016,91.71950199846903,298,truck,low,1,0,02-01-2024,16:00:00
PARK14,631,26.142665127570016,91.71950199846903,363,car,medium,2,0,02-01-2024,16:30:00
PARK14,631,26.142665127570016,91.71950199846903,220,car,medium,1,0,03-01-2024,08:00:00
PARK14,631,26.142665127570016,91.71950199846903,256,car,high,0,0,03-01-2024,08:30:00
PARK14,631,26.142665127570016,91.71950199846903,282,car,low,0,0,03-01-2024,09:00:00
PARK14,631,26.142665127570016,91.71950199846903,336,truck,high,0,0,03-01-2024,09:30:00
PARK14,631,26.142665127570016,91.71950199846903,401,car,low,2,0,03-01-2024,10:00:00
PARK14,631,26.142665127570016,91.71950199846903,373,car,high,2,0,03-01-2024,10:30:00
PARK14,631,26.142665127570016,91.71950199846903,455,car,medium,1,0,03-01-2024,11:00:00
PARK14,631,26.142665127570016,91.71950199846903,433,bike,low,2,1,03-01-2024,11:30:00
PARK14,631,26.142665127570016,91.71950199846903,520,car,high,2,0,03-01-2024,12:00:00
PARK14,631,26.142665127570016,91.71950199846903,499,bike,low,0,0,03-01-2024,12:30:00
PARK14,631,26.142665127570016,91.71950199846903,410,bike,low,1,0,03-01-2024,13:00:00
PARK14,631,26.142665127570016,91.71950199846903,467,car,low,0,0,03-01-2024,13:30:00
PARK14,631,26.142665127570016,91.71950199846903,350,bike,high,1,0,03-01-2024,14:00:00
PARK14,631,26.142665127570016,91.71950199846903,492,car,high,0,0,03-01-2024,14:30:00
PARK14,631,26.142665127570016,91.71950199846903,325,car,medium,0,0,03-01-2024,15:00:00
PARK14,631,26.142665127570016,91.71950199846903,325,car,high,1,0,03-01-2024,15:30:00
PARK14,631,26.142665127570016,91.71950199846903,308,truck,low,0,0,03-01-2024,16:00:00
PARK14,631,26.142665127570016,91.71950199846903,379,bike,low,0,0,03-01-2024,16:30:00
